event_name,participant_id,task,time,treatment
start,153374cea6,1,1639522813,Ghc
attempts,153374cea6,1,1639522923,Ghc
complete,153374cea6,1,1639522924,Ghc
start,153374cea6,2,1639522924,Chameleon
attempts,153374cea6,2,1639523011,Chameleon
complete,153374cea6,2,1639523012,Chameleon
start,153374cea6,3,1639523012,Ghc
attempts,153374cea6,3,1639523150,Ghc
complete,153374cea6,3,1639523151,Ghc
attempts,153374cea6,4,1639523208,Chameleon
start,153374cea6,4,1639523151,Chameleon
attempts,153374cea6,4,1639523263,Chameleon
complete,153374cea6,4,1639523264,Chameleon
start,153374cea6,5,1639523264,Ghc
attempts,153374cea6,5,1639523395,Ghc
skip,153374cea6,5,1639523396,Ghc
start,153374cea6,6,1639523396,Chameleon
attempts,153374cea6,6,1639523466,Chameleon
complete,153374cea6,6,1639523467,Chameleon
start,153374cea6,7,1639523467,Ghc
attempts,153374cea6,7,1639523605,Ghc
complete,153374cea6,7,1639523606,Ghc
start,153374cea6,8,1639523606,Chameleon
attempts,153374cea6,8,1639523684,Chameleon
complete,153374cea6,8,1639523685,Chameleon
start,6cd2f6a2dc,1,1639495559,Chameleon
attempts,6cd2f6a2dc,1,1639495704,Chameleon
complete,6cd2f6a2dc,1,1639495705,Chameleon
start,6cd2f6a2dc,2,1639495705,Ghc
attempts,6cd2f6a2dc,2,1639495783,Ghc
complete,6cd2f6a2dc,2,1639495784,Ghc
start,6cd2f6a2dc,3,1639495784,Chameleon
attempts,6cd2f6a2dc,3,1639495852,Chameleon
complete,6cd2f6a2dc,3,1639495853,Chameleon
start,6cd2f6a2dc,4,1639495853,Ghc
attempts,6cd2f6a2dc,4,1639496125,Ghc
complete,6cd2f6a2dc,4,1639496126,Ghc
start,6cd2f6a2dc,5,1639496126,Chameleon
attempts,6cd2f6a2dc,5,1639496262,Chameleon
skip,6cd2f6a2dc,5,1639496263,Chameleon
start,6cd2f6a2dc,6,1639496263,Ghc
attempts,6cd2f6a2dc,6,1639496333,Ghc
complete,6cd2f6a2dc,6,1639496334,Ghc
start,6cd2f6a2dc,7,1639496334,Chameleon
attempts,6cd2f6a2dc,7,1639496442,Chameleon
complete,6cd2f6a2dc,7,1639496443,Chameleon
start,6cd2f6a2dc,8,1639496443,Ghc
attempts,6cd2f6a2dc,8,1639496540,Ghc
complete,6cd2f6a2dc,8,1639496541,Ghc
start,b870d3b6ff,1,1639455162,Ghc
attempts,b870d3b6ff,1,1639455340,Ghc
complete,b870d3b6ff,1,1639455341,Ghc
start,b870d3b6ff,2,1639455341,Chameleon
attempts,b870d3b6ff,2,1639455509,Chameleon
complete,b870d3b6ff,2,1639455510,Chameleon
start,b870d3b6ff,3,1639455510,Ghc
attempts,b870d3b6ff,3,1639455679,Ghc
skip,b870d3b6ff,3,1639455680,Ghc
attempts,b870d3b6ff,4,1639455687,Chameleon
start,b870d3b6ff,4,1639455680,Chameleon
attempts,b870d3b6ff,4,1639455809,Chameleon
complete,b870d3b6ff,4,1639455810,Chameleon
start,b870d3b6ff,5,1639455810,Ghc
attempts,b870d3b6ff,5,1639456047,Ghc
complete,b870d3b6ff,5,1639456048,Ghc
start,b870d3b6ff,6,1639456048,Chameleon
attempts,b870d3b6ff,6,1639456168,Chameleon
complete,b870d3b6ff,6,1639456169,Chameleon
start,b870d3b6ff,7,1639456169,Ghc
attempts,b870d3b6ff,7,1639456315,Ghc
complete,b870d3b6ff,7,1639456316,Ghc
start,b870d3b6ff,8,1639456316,Chameleon
attempts,b870d3b6ff,8,1639456447,Chameleon
complete,b870d3b6ff,8,1639456448,Chameleon
start,774730f5ea,1,1639295797,Chameleon
attempts,774730f5ea,1,1639295940,Chameleon
complete,774730f5ea,1,1639295941,Chameleon
attempts,774730f5ea,2,1639296056,Ghc
attempts,774730f5ea,2,1639295968,Ghc
start,774730f5ea,2,1639295941,Ghc
attempts,774730f5ea,2,1639296105,Ghc
complete,774730f5ea,2,1639296106,Ghc
start,774730f5ea,3,1639296106,Chameleon
attempts,774730f5ea,3,1639296202,Chameleon
complete,774730f5ea,3,1639296203,Chameleon
attempts,774730f5ea,4,1639296224,Ghc
start,774730f5ea,4,1639296203,Ghc
attempts,774730f5ea,4,1639296262,Ghc
complete,774730f5ea,4,1639296263,Ghc
start,774730f5ea,5,1639296263,Chameleon
attempts,774730f5ea,5,1639296278,Chameleon
complete,774730f5ea,5,1639296279,Chameleon
start,774730f5ea,6,1639296279,Ghc
attempts,774730f5ea,6,1639296382,Ghc
complete,774730f5ea,6,1639296383,Ghc
attempts,774730f5ea,7,1639296460,Chameleon
start,774730f5ea,7,1639296383,Chameleon
attempts,774730f5ea,7,1639296484,Chameleon
complete,774730f5ea,7,1639296485,Chameleon
start,774730f5ea,8,1639296485,Ghc
attempts,774730f5ea,8,1639296578,Ghc
complete,774730f5ea,8,1639296579,Ghc
start,2276a24e48,1,1639245689,Chameleon
attempts,2276a24e48,1,1639245935,Chameleon
complete,2276a24e48,1,1639245936,Chameleon
start,2276a24e48,2,1639245936,Ghc
attempts,2276a24e48,2,1639246191,Ghc
complete,2276a24e48,2,1639246192,Ghc
start,2276a24e48,3,1639246192,Chameleon
attempts,2276a24e48,3,1639246360,Chameleon
complete,2276a24e48,3,1639246361,Chameleon
start,2276a24e48,4,1639246361,Ghc
attempts,2276a24e48,4,1639246569,Ghc
complete,2276a24e48,4,1639246570,Ghc
start,2276a24e48,5,1639246570,Chameleon
attempts,2276a24e48,5,1639246795,Chameleon
complete,2276a24e48,5,1639246796,Chameleon
start,2276a24e48,6,1639246796,Ghc
attempts,2276a24e48,6,1639247087,Ghc
complete,2276a24e48,6,1639247088,Ghc
start,2276a24e48,7,1639247088,Chameleon
attempts,2276a24e48,7,1639247278,Chameleon
complete,2276a24e48,7,1639247279,Chameleon
start,2276a24e48,8,1639247279,Ghc
attempts,2276a24e48,8,1639247415,Ghc
complete,2276a24e48,8,1639247416,Ghc
start,40d830aee1,1,1639826624,Chameleon
attempts,40d830aee1,1,1639826721,Chameleon
complete,40d830aee1,1,1639826722,Chameleon
attempts,40d830aee1,2,1639826886,Ghc
start,40d830aee1,2,1639826722,Ghc
attempts,40d830aee1,2,1639826888,Ghc
complete,40d830aee1,2,1639826889,Ghc
start,40d830aee1,3,1639826889,Chameleon
attempts,40d830aee1,3,1639826986,Chameleon
complete,40d830aee1,3,1639826987,Chameleon
start,40d830aee1,4,1639826987,Ghc
attempts,40d830aee1,4,1639827054,Ghc
complete,40d830aee1,4,1639827055,Ghc
start,40d830aee1,5,1639827055,Chameleon
attempts,40d830aee1,5,1639827201,Chameleon
complete,40d830aee1,5,1639827202,Chameleon
attempts,40d830aee1,6,1639827290,Ghc
start,40d830aee1,6,1639827202,Ghc
attempts,40d830aee1,6,1639827308,Ghc
complete,40d830aee1,6,1639827309,Ghc
start,40d830aee1,7,1639827309,Chameleon
attempts,40d830aee1,7,1639827427,Chameleon
complete,40d830aee1,7,1639827428,Chameleon
start,40d830aee1,8,1639827428,Ghc
attempts,40d830aee1,8,1639827509,Ghc
complete,40d830aee1,8,1639827510,Ghc
start,232abec3eb,1,1639615559,Chameleon
attempts,232abec3eb,1,1639615712,Chameleon
complete,232abec3eb,1,1639615713,Chameleon
attempts,232abec3eb,2,1639615914,Ghc
start,232abec3eb,2,1639615713,Ghc
attempts,232abec3eb,2,1639615965,Ghc
complete,232abec3eb,2,1639615966,Ghc
start,232abec3eb,3,1639615966,Chameleon
attempts,232abec3eb,3,1639616063,Chameleon
complete,232abec3eb,3,1639616064,Chameleon
attempts,232abec3eb,4,1639616145,Ghc
start,232abec3eb,4,1639616064,Ghc
attempts,232abec3eb,4,1639616194,Ghc
complete,232abec3eb,4,1639616195,Ghc
start,232abec3eb,5,1639616195,Chameleon
attempts,232abec3eb,5,1639616322,Chameleon
complete,232abec3eb,5,1639616323,Chameleon
attempts,232abec3eb,6,1639616437,Ghc
start,232abec3eb,6,1639616323,Ghc
attempts,232abec3eb,6,1639616453,Ghc
complete,232abec3eb,6,1639616454,Ghc
start,232abec3eb,7,1639616454,Chameleon
attempts,232abec3eb,7,1639616595,Chameleon
complete,232abec3eb,7,1639616596,Chameleon
start,232abec3eb,8,1639616596,Ghc
attempts,232abec3eb,8,1639616742,Ghc
complete,232abec3eb,8,1639616743,Ghc
start,0205070858,1,1639246490,Chameleon
attempts,0205070858,1,1639246704,Chameleon
complete,0205070858,1,1639246705,Chameleon
start,0205070858,2,1639246705,Ghc
attempts,0205070858,2,1639246967,Ghc
complete,0205070858,2,1639246968,Ghc
start,0205070858,3,1639246968,Chameleon
attempts,0205070858,3,1639247087,Chameleon
complete,0205070858,3,1639247088,Chameleon
start,0205070858,4,1639247088,Ghc
attempts,0205070858,4,1639247251,Ghc
complete,0205070858,4,1639247252,Ghc
start,0205070858,5,1639247252,Chameleon
attempts,0205070858,5,1639247448,Chameleon
complete,0205070858,5,1639247449,Chameleon
attempts,0205070858,6,1639247455,Ghc
start,0205070858,6,1639247449,Ghc
attempts,0205070858,6,1639247601,Ghc
complete,0205070858,6,1639247602,Ghc
start,0205070858,7,1639247602,Chameleon
attempts,0205070858,7,1639247703,Chameleon
complete,0205070858,7,1639247704,Chameleon
start,0205070858,8,1639247704,Ghc
attempts,0205070858,8,1639247811,Ghc
complete,0205070858,8,1639247812,Ghc
start,ede35b2d36,1,1639458391,Chameleon
attempts,ede35b2d36,1,1639458564,Chameleon
complete,ede35b2d36,1,1639458565,Chameleon
attempts,ede35b2d36,2,1639458676,Ghc
attempts,ede35b2d36,2,1639458629,Ghc
start,ede35b2d36,2,1639458565,Ghc
attempts,ede35b2d36,2,1639458719,Ghc
complete,ede35b2d36,2,1639458720,Ghc
start,ede35b2d36,3,1639458720,Chameleon
attempts,ede35b2d36,3,1639458811,Chameleon
complete,ede35b2d36,3,1639458812,Chameleon
start,ede35b2d36,4,1639458812,Ghc
attempts,ede35b2d36,4,1639458892,Ghc
complete,ede35b2d36,4,1639458893,Ghc
attempts,ede35b2d36,5,1639458960,Chameleon
start,ede35b2d36,5,1639458893,Chameleon
attempts,ede35b2d36,5,1639459071,Chameleon
complete,ede35b2d36,5,1639459072,Chameleon
start,ede35b2d36,6,1639459072,Ghc
attempts,ede35b2d36,6,1639459171,Ghc
complete,ede35b2d36,6,1639459172,Ghc
start,ede35b2d36,7,1639459172,Chameleon
attempts,ede35b2d36,7,1639459296,Chameleon
complete,ede35b2d36,7,1639459297,Chameleon
start,ede35b2d36,8,1639459297,Ghc
attempts,ede35b2d36,8,1639459442,Ghc
complete,ede35b2d36,8,1639459443,Ghc
start,a15c4d5462,1,1639580451,Ghc
attempts,a15c4d5462,1,1639580626,Ghc
complete,a15c4d5462,1,1639580627,Ghc
start,a15c4d5462,2,1639580627,Chameleon
attempts,a15c4d5462,2,1639580706,Chameleon
complete,a15c4d5462,2,1639580707,Chameleon
attempts,a15c4d5462,3,1639580828,Ghc
attempts,a15c4d5462,3,1639580749,Ghc
attempts,a15c4d5462,3,1639580732,Ghc
start,a15c4d5462,3,1639580707,Ghc
attempts,a15c4d5462,3,1639580849,Ghc
complete,a15c4d5462,3,1639580850,Ghc
start,a15c4d5462,4,1639580850,Chameleon
attempts,a15c4d5462,4,1639580957,Chameleon
complete,a15c4d5462,4,1639580958,Chameleon
start,a15c4d5462,5,1639580958,Ghc
attempts,a15c4d5462,5,1639581211,Ghc
complete,a15c4d5462,5,1639581212,Ghc
start,a15c4d5462,6,1639581212,Chameleon
attempts,a15c4d5462,6,1639581310,Chameleon
complete,a15c4d5462,6,1639581311,Chameleon
start,a15c4d5462,7,1639581311,Ghc
attempts,a15c4d5462,7,1639581477,Ghc
complete,a15c4d5462,7,1639581478,Ghc
start,a15c4d5462,8,1639581478,Chameleon
attempts,a15c4d5462,8,1639581578,Chameleon
complete,a15c4d5462,8,1639581579,Chameleon
start,ff54183558,1,1639720676,Ghc
attempts,ff54183558,1,1639720752,Ghc
complete,ff54183558,1,1639720753,Ghc
start,ff54183558,2,1639720753,Chameleon
attempts,ff54183558,2,1639720886,Chameleon
complete,ff54183558,2,1639720887,Chameleon
start,ff54183558,3,1639720887,Ghc
attempts,ff54183558,3,1639720985,Ghc
complete,ff54183558,3,1639720986,Ghc
start,ff54183558,4,1639720986,Chameleon
attempts,ff54183558,4,1639721101,Chameleon
complete,ff54183558,4,1639721102,Chameleon
start,ff54183558,5,1639721102,Ghc
attempts,ff54183558,5,1639721197,Ghc
complete,ff54183558,5,1639721198,Ghc
start,ff54183558,6,1639721198,Chameleon
attempts,ff54183558,6,1639721299,Chameleon
complete,ff54183558,6,1639721300,Chameleon
start,ff54183558,7,1639721300,Ghc
attempts,ff54183558,7,1639721425,Ghc
complete,ff54183558,7,1639721426,Ghc
start,ff54183558,8,1639721426,Chameleon
attempts,ff54183558,8,1639721515,Chameleon
complete,ff54183558,8,1639721516,Chameleon
start,9d5921df6c,1,1639630375,Ghc
attempts,9d5921df6c,1,1639630565,Ghc
complete,9d5921df6c,1,1639630566,Ghc
start,9d5921df6c,2,1639630566,Chameleon
attempts,9d5921df6c,2,1639630664,Chameleon
complete,9d5921df6c,2,1639630665,Chameleon
attempts,9d5921df6c,3,1639630780,Ghc
start,9d5921df6c,3,1639630665,Ghc
attempts,9d5921df6c,3,1639630802,Ghc
complete,9d5921df6c,3,1639630803,Ghc
start,9d5921df6c,4,1639630803,Chameleon
attempts,9d5921df6c,4,1639630890,Chameleon
complete,9d5921df6c,4,1639630891,Chameleon
start,9d5921df6c,5,1639630891,Ghc
attempts,9d5921df6c,5,1639631090,Ghc
complete,9d5921df6c,5,1639631091,Ghc
start,9d5921df6c,6,1639631091,Chameleon
attempts,9d5921df6c,6,1639631199,Chameleon
complete,9d5921df6c,6,1639631200,Chameleon
start,9d5921df6c,7,1639631200,Ghc
attempts,9d5921df6c,7,1639631343,Ghc
complete,9d5921df6c,7,1639631344,Ghc
start,9d5921df6c,8,1639631344,Chameleon
attempts,9d5921df6c,8,1639631451,Chameleon
complete,9d5921df6c,8,1639631452,Chameleon
start,b27ebc6865,1,1639402668,Chameleon
attempts,b27ebc6865,1,1639402766,Chameleon
complete,b27ebc6865,1,1639402767,Chameleon
start,b27ebc6865,2,1639402767,Ghc
attempts,b27ebc6865,2,1639402891,Ghc
complete,b27ebc6865,2,1639402892,Ghc
start,b27ebc6865,3,1639402892,Chameleon
attempts,b27ebc6865,3,1639402964,Chameleon
complete,b27ebc6865,3,1639402965,Chameleon
attempts,b27ebc6865,4,1639403034,Ghc
start,b27ebc6865,4,1639402965,Ghc
attempts,b27ebc6865,4,1639403043,Ghc
complete,b27ebc6865,4,1639403044,Ghc
start,b27ebc6865,5,1639403044,Chameleon
attempts,b27ebc6865,5,1639403121,Chameleon
complete,b27ebc6865,5,1639403122,Chameleon
start,b27ebc6865,6,1639403122,Ghc
attempts,b27ebc6865,6,1639403189,Ghc
complete,b27ebc6865,6,1639403190,Ghc
start,b27ebc6865,7,1639403190,Chameleon
attempts,b27ebc6865,7,1639403274,Chameleon
complete,b27ebc6865,7,1639403275,Chameleon
start,b27ebc6865,8,1639403275,Ghc
attempts,b27ebc6865,8,1639403321,Ghc
complete,b27ebc6865,8,1639403322,Ghc
attempts,6a5e8f7420,1,1639388230,Ghc
start,6a5e8f7420,1,1639388203,Ghc
attempts,6a5e8f7420,1,1639388235,Ghc
complete,6a5e8f7420,1,1639388236,Ghc
attempts,6a5e8f7420,2,1639388263,Chameleon
start,6a5e8f7420,2,1639388236,Chameleon
attempts,6a5e8f7420,2,1639388333,Chameleon
complete,6a5e8f7420,2,1639388334,Chameleon
start,6a5e8f7420,3,1639388334,Ghc
attempts,6a5e8f7420,3,1639388432,Ghc
complete,6a5e8f7420,3,1639388433,Ghc
start,6a5e8f7420,4,1639388433,Chameleon
attempts,6a5e8f7420,4,1639388530,Chameleon
complete,6a5e8f7420,4,1639388531,Chameleon
start,6a5e8f7420,5,1639388531,Ghc
attempts,6a5e8f7420,5,1639388617,Ghc
complete,6a5e8f7420,5,1639388618,Ghc
start,6a5e8f7420,6,1639388618,Chameleon
attempts,6a5e8f7420,6,1639388681,Chameleon
complete,6a5e8f7420,6,1639388682,Chameleon
start,6a5e8f7420,7,1639388682,Ghc
attempts,6a5e8f7420,7,1639388802,Ghc
complete,6a5e8f7420,7,1639388803,Ghc
start,6a5e8f7420,8,1639388803,Chameleon
attempts,6a5e8f7420,8,1639388879,Chameleon
complete,6a5e8f7420,8,1639388880,Chameleon
attempts,3f08617d45,1,1639466336,Ghc
start,3f08617d45,1,1639466149,Ghc
attempts,3f08617d45,1,1639466395,Ghc
complete,3f08617d45,1,1639466396,Ghc
attempts,3f08617d45,2,1639466496,Chameleon
start,3f08617d45,2,1639466396,Chameleon
attempts,3f08617d45,2,1639466603,Chameleon
complete,3f08617d45,2,1639466604,Chameleon
start,3f08617d45,3,1639466604,Ghc
attempts,3f08617d45,3,1639466815,Ghc
complete,3f08617d45,3,1639466816,Ghc
start,3f08617d45,4,1639466816,Chameleon
attempts,3f08617d45,4,1639466930,Chameleon
complete,3f08617d45,4,1639466931,Chameleon
start,3f08617d45,5,1639466931,Ghc
attempts,3f08617d45,5,1639467139,Ghc
complete,3f08617d45,5,1639467140,Ghc
start,3f08617d45,6,1639467140,Chameleon
attempts,3f08617d45,6,1639467261,Chameleon
complete,3f08617d45,6,1639467262,Chameleon
start,3f08617d45,7,1639467262,Ghc
attempts,3f08617d45,7,1639467489,Ghc
complete,3f08617d45,7,1639467490,Ghc
start,3f08617d45,8,1639467490,Chameleon
attempts,3f08617d45,8,1639467624,Chameleon
complete,3f08617d45,8,1639467625,Chameleon
start,f333dd10b9,1,1639654566,Ghc
attempts,f333dd10b9,1,1639654822,Ghc
complete,f333dd10b9,1,1639654823,Ghc
start,f333dd10b9,2,1639654823,Chameleon
attempts,f333dd10b9,2,1639654984,Chameleon
complete,f333dd10b9,2,1639654985,Chameleon
start,f333dd10b9,3,1639654985,Ghc
attempts,f333dd10b9,3,1639655105,Ghc
skip,f333dd10b9,3,1639655106,Ghc
start,f333dd10b9,4,1639655106,Chameleon
attempts,f333dd10b9,4,1639655258,Chameleon
complete,f333dd10b9,4,1639655259,Chameleon
start,f333dd10b9,5,1639655259,Ghc
attempts,f333dd10b9,5,1639655382,Ghc
complete,f333dd10b9,5,1639655383,Ghc
start,f333dd10b9,6,1639655383,Chameleon
attempts,f333dd10b9,6,1639655508,Chameleon
complete,f333dd10b9,6,1639655509,Chameleon
start,f333dd10b9,7,1639655509,Ghc
attempts,f333dd10b9,7,1639655654,Ghc
complete,f333dd10b9,7,1639655655,Ghc
start,f333dd10b9,8,1639655655,Chameleon
attempts,f333dd10b9,8,1639655782,Chameleon
complete,f333dd10b9,8,1639655783,Chameleon
start,0a5ea95052,1,1640156738,Ghc
attempts,0a5ea95052,1,1640156885,Ghc
complete,0a5ea95052,1,1640156886,Ghc
start,0a5ea95052,2,1640156886,Chameleon
attempts,0a5ea95052,2,1640157065,Chameleon
complete,0a5ea95052,2,1640157066,Chameleon
start,0a5ea95052,3,1640157066,Ghc
attempts,0a5ea95052,3,1640157290,Ghc
complete,0a5ea95052,3,1640157291,Ghc
start,0a5ea95052,4,1640157291,Chameleon
attempts,0a5ea95052,4,1640157389,Chameleon
complete,0a5ea95052,4,1640157390,Chameleon
start,0a5ea95052,5,1640157390,Ghc
attempts,0a5ea95052,5,1640157726,Ghc
complete,0a5ea95052,5,1640157727,Ghc
start,0a5ea95052,6,1640157727,Chameleon
attempts,0a5ea95052,6,1640157858,Chameleon
complete,0a5ea95052,6,1640157859,Chameleon
start,0a5ea95052,7,1640157859,Ghc
attempts,0a5ea95052,7,1640158019,Ghc
skip,0a5ea95052,7,1640158020,Ghc
start,0a5ea95052,8,1640158020,Chameleon
attempts,0a5ea95052,8,1640158144,Chameleon
complete,0a5ea95052,8,1640158145,Chameleon
start,bf1561d843,1,1639459341,Chameleon
attempts,bf1561d843,1,1639459419,Chameleon
complete,bf1561d843,1,1639459420,Chameleon
start,bf1561d843,2,1639459420,Ghc
attempts,bf1561d843,2,1639459746,Ghc
complete,bf1561d843,2,1639459747,Ghc
attempts,bf1561d843,3,1639459774,Chameleon
start,bf1561d843,3,1639459747,Chameleon
attempts,bf1561d843,3,1639459844,Chameleon
complete,bf1561d843,3,1639459845,Chameleon
attempts,bf1561d843,4,1639459906,Ghc
start,bf1561d843,4,1639459845,Ghc
attempts,bf1561d843,4,1639459943,Ghc
complete,bf1561d843,4,1639459944,Ghc
start,bf1561d843,5,1639459944,Chameleon
attempts,bf1561d843,5,1639460045,Chameleon
skip,bf1561d843,5,1639460046,Chameleon
start,bf1561d843,6,1639460046,Ghc
attempts,bf1561d843,6,1639460157,Ghc
skip,bf1561d843,6,1639460158,Ghc
start,bf1561d843,7,1639460158,Chameleon
attempts,bf1561d843,7,1639460262,Chameleon
complete,bf1561d843,7,1639460263,Chameleon
start,bf1561d843,8,1639460263,Ghc
attempts,bf1561d843,8,1639460351,Ghc
complete,bf1561d843,8,1639460352,Ghc
start,03b7784642,1,1639233098,Chameleon
attempts,03b7784642,1,1639233248,Chameleon
complete,03b7784642,1,1639233249,Chameleon
start,03b7784642,2,1639233249,Ghc
attempts,03b7784642,2,1639233393,Ghc
complete,03b7784642,2,1639233394,Ghc
attempts,03b7784642,3,1639233437,Chameleon
start,03b7784642,3,1639233394,Chameleon
attempts,03b7784642,3,1639233483,Chameleon
complete,03b7784642,3,1639233484,Chameleon
start,03b7784642,4,1639233484,Ghc
attempts,03b7784642,4,1639233586,Ghc
complete,03b7784642,4,1639233587,Ghc
start,03b7784642,5,1639233587,Chameleon
attempts,03b7784642,5,1639233722,Chameleon
complete,03b7784642,5,1639233723,Chameleon
start,03b7784642,6,1639233723,Ghc
attempts,03b7784642,6,1639233795,Ghc
complete,03b7784642,6,1639233796,Ghc
start,03b7784642,7,1639233796,Chameleon
attempts,03b7784642,7,1639233906,Chameleon
complete,03b7784642,7,1639233907,Chameleon
start,03b7784642,8,1639233907,Ghc
attempts,03b7784642,8,1639233997,Ghc
complete,03b7784642,8,1639233998,Ghc
start,96906cb8e5,1,1639592832,Ghc
attempts,96906cb8e5,1,1639592899,Ghc
complete,96906cb8e5,1,1639592900,Ghc
start,96906cb8e5,2,1639592900,Chameleon
attempts,96906cb8e5,2,1639592982,Chameleon
complete,96906cb8e5,2,1639592983,Chameleon
start,96906cb8e5,3,1639592983,Ghc
attempts,96906cb8e5,3,1639593037,Ghc
complete,96906cb8e5,3,1639593038,Ghc
start,96906cb8e5,4,1639593038,Chameleon
attempts,96906cb8e5,4,1639593100,Chameleon
complete,96906cb8e5,4,1639593101,Chameleon
start,96906cb8e5,5,1639593101,Ghc
attempts,96906cb8e5,5,1639593178,Ghc
complete,96906cb8e5,5,1639593179,Ghc
start,96906cb8e5,6,1639593179,Chameleon
attempts,96906cb8e5,6,1639593229,Chameleon
complete,96906cb8e5,6,1639593230,Chameleon
attempts,96906cb8e5,7,1639593254,Ghc
start,96906cb8e5,7,1639593230,Ghc
attempts,96906cb8e5,7,1639593305,Ghc
complete,96906cb8e5,7,1639593306,Ghc
start,96906cb8e5,8,1639593306,Chameleon
attempts,96906cb8e5,8,1639593357,Chameleon
complete,96906cb8e5,8,1639593358,Chameleon
start,b726ae1a78,1,1639633254,Chameleon
attempts,b726ae1a78,1,1639633380,Chameleon
complete,b726ae1a78,1,1639633381,Chameleon
start,b726ae1a78,2,1639633381,Ghc
attempts,b726ae1a78,2,1639633583,Ghc
complete,b726ae1a78,2,1639633584,Ghc
start,b726ae1a78,3,1639633584,Chameleon
attempts,b726ae1a78,3,1639633690,Chameleon
complete,b726ae1a78,3,1639633691,Chameleon
attempts,b726ae1a78,4,1639633694,Ghc
attempts,b726ae1a78,4,1639633753,Ghc
attempts,b726ae1a78,4,1639633795,Ghc
start,b726ae1a78,4,1639633691,Ghc
attempts,b726ae1a78,4,1639633819,Ghc
complete,b726ae1a78,4,1639633820,Ghc
start,b726ae1a78,5,1639633820,Chameleon
attempts,b726ae1a78,5,1639633913,Chameleon
complete,b726ae1a78,5,1639633914,Chameleon
attempts,b726ae1a78,6,1639633957,Ghc
start,b726ae1a78,6,1639633914,Ghc
attempts,b726ae1a78,6,1639634006,Ghc
complete,b726ae1a78,6,1639634007,Ghc
start,b726ae1a78,7,1639634007,Chameleon
attempts,b726ae1a78,7,1639634130,Chameleon
complete,b726ae1a78,7,1639634131,Chameleon
start,b726ae1a78,8,1639634131,Ghc
attempts,b726ae1a78,8,1639634245,Ghc
complete,b726ae1a78,8,1639634246,Ghc
attempts,4a2306d3ab,1,1639504633,Chameleon
start,4a2306d3ab,1,1639504442,Chameleon
attempts,4a2306d3ab,1,1639504638,Chameleon
complete,4a2306d3ab,1,1639504639,Chameleon
attempts,4a2306d3ab,2,1639504708,Ghc
start,4a2306d3ab,2,1639504639,Ghc
attempts,4a2306d3ab,2,1639504886,Ghc
complete,4a2306d3ab,2,1639504887,Ghc
start,4a2306d3ab,3,1639504887,Chameleon
attempts,4a2306d3ab,3,1639505049,Chameleon
skip,4a2306d3ab,3,1639505050,Chameleon
start,4a2306d3ab,4,1639505050,Ghc
attempts,4a2306d3ab,4,1639505206,Ghc
complete,4a2306d3ab,4,1639505207,Ghc
start,4a2306d3ab,5,1639505207,Chameleon
attempts,4a2306d3ab,5,1639505422,Chameleon
complete,4a2306d3ab,5,1639505423,Chameleon
start,4a2306d3ab,6,1639505423,Ghc
attempts,4a2306d3ab,6,1639505540,Ghc
complete,4a2306d3ab,6,1639505541,Ghc
start,4a2306d3ab,7,1639505541,Chameleon
attempts,4a2306d3ab,7,1639505677,Chameleon
complete,4a2306d3ab,7,1639505678,Chameleon
start,4a2306d3ab,8,1639505678,Ghc
attempts,4a2306d3ab,8,1639505799,Ghc
complete,4a2306d3ab,8,1639505800,Ghc
start,fc256191db,1,1639334784,Ghc
attempts,fc256191db,1,1639334893,Ghc
complete,fc256191db,1,1639334894,Ghc
start,fc256191db,2,1639334894,Chameleon
attempts,fc256191db,2,1639335023,Chameleon
complete,fc256191db,2,1639335024,Chameleon
start,fc256191db,3,1639335024,Ghc
attempts,fc256191db,3,1639335171,Ghc
complete,fc256191db,3,1639335172,Ghc
start,fc256191db,4,1639335172,Chameleon
attempts,fc256191db,4,1639335281,Chameleon
complete,fc256191db,4,1639335282,Chameleon
start,fc256191db,5,1639335282,Ghc
attempts,fc256191db,5,1639335403,Ghc
complete,fc256191db,5,1639335404,Ghc
start,fc256191db,6,1639335404,Chameleon
attempts,fc256191db,6,1639335475,Chameleon
complete,fc256191db,6,1639335476,Chameleon
start,fc256191db,7,1639335476,Ghc
attempts,fc256191db,7,1639335582,Ghc
complete,fc256191db,7,1639335583,Ghc
start,fc256191db,8,1639335583,Chameleon
attempts,fc256191db,8,1639335657,Chameleon
complete,fc256191db,8,1639335658,Chameleon
start,c206fbdaf5,1,1639420982,Chameleon
attempts,c206fbdaf5,1,1639421207,Chameleon
complete,c206fbdaf5,1,1639421208,Chameleon
attempts,c206fbdaf5,2,1639421627,Ghc
attempts,c206fbdaf5,2,1639421409,Ghc
start,c206fbdaf5,2,1639421208,Ghc
attempts,c206fbdaf5,2,1639421662,Ghc
complete,c206fbdaf5,2,1639421663,Ghc
start,c206fbdaf5,3,1639421663,Chameleon
attempts,c206fbdaf5,3,1639421821,Chameleon
complete,c206fbdaf5,3,1639421822,Chameleon
attempts,c206fbdaf5,4,1639421999,Ghc
start,c206fbdaf5,4,1639421822,Ghc
attempts,c206fbdaf5,4,1639422016,Ghc
complete,c206fbdaf5,4,1639422017,Ghc
start,c206fbdaf5,5,1639422017,Chameleon
attempts,c206fbdaf5,5,1639422182,Chameleon
complete,c206fbdaf5,5,1639422183,Chameleon
start,c206fbdaf5,6,1639422183,Ghc
attempts,c206fbdaf5,6,1639422248,Ghc
complete,c206fbdaf5,6,1639422249,Ghc
start,c206fbdaf5,7,1639422249,Chameleon
attempts,c206fbdaf5,7,1639422432,Chameleon
complete,c206fbdaf5,7,1639422433,Chameleon
start,c206fbdaf5,8,1639422433,Ghc
attempts,c206fbdaf5,8,1639422594,Ghc
complete,c206fbdaf5,8,1639422595,Ghc
